block_slug,attr_name,attr_type,canonical_slot,standalone_block,attr_role,slot_role,role_classification,is_responsive,inspector_control_type
core/cover,alt,string,alt,,content,content,content-bearing,0,
sgs/responsive-logo,alt,string,alt,,content,content,content-bearing,0,ToggleControl
sgs/button,ariaLabel,string,ariaLabel,,content,content,content-bearing,0,ToggleControl
sgs/icon,ariaLabel,string,ariaLabel,,content,content,content-bearing,0,TextControl
sgs/mega-menu,ariaLabel,string,ariaLabel,,content,content,content-bearing,0,
sgs/mobile-nav,ariaLabel,string,ariaLabel,,content,content,content-bearing,0,
sgs/mobile-nav-toggle,ariaLabel,string,ariaLabel,,content,content,content-bearing,0,RangeControl
core/post-author,avatarSize,number,avatar,sgs/media,select-from-enum,image-object,content-bearing,0,
sgs/testimonial,avatar,object,avatar,sgs/media,image-object,image-object,content-bearing,0,
core/cover,backgroundType,string,backgroundMedia,sgs/media,select-from-enum,image-object,content-bearing,0,
sgs/announcement-bar,backgroundColour,string,backgroundMedia,sgs/media,,image-object,content-bearing,0,SelectControl
sgs/container,backgroundAttachment,string,backgroundMedia,sgs/media,enum-class-probe,image-object,content-bearing,0,SelectControl
sgs/container,backgroundImage,object,backgroundMedia,sgs/media,image-object,image-object,content-bearing,1,Button
sgs/container,backgroundImageMobile,object,backgroundMedia,sgs/media,image-object,image-object,content-bearing,0,Button
sgs/container,backgroundImageTablet,object,backgroundMedia,sgs/media,image-object,image-object,content-bearing,0,Button
sgs/container,backgroundMedia,object,backgroundMedia,sgs/media,image-object,image-object,content-bearing,0,
sgs/container,backgroundPosition,string,backgroundMedia,sgs/media,select-from-enum,image-object,content-bearing,0,SelectControl
sgs/container,backgroundRepeat,string,backgroundMedia,sgs/media,image-object,image-object,content-bearing,0,SelectControl
sgs/container,backgroundSize,string,backgroundMedia,sgs/media,select-from-enum,image-object,content-bearing,0,SelectControl
sgs/container,bgVideo,object,backgroundMedia,sgs/media,,image-object,content-bearing,1,Button
sgs/container,bgVideoMobile,object,backgroundMedia,sgs/media,,image-object,content-bearing,0,MediaUpload
sgs/cta-section,backgroundImage,object,backgroundMedia,sgs/media,image-object,image-object,content-bearing,0,
sgs/cta-section,backgroundImageOpacity,number,backgroundMedia,sgs/media,visual,image-object,content-bearing,0,
sgs/cta-section,backgroundMedia,object,backgroundMedia,sgs/media,image-object,image-object,content-bearing,0,
sgs/google-reviews,backgroundColour,string,backgroundMedia,sgs/media,,image-object,content-bearing,0,
sgs/hero,backgroundImage,object,backgroundMedia,sgs/media,image-object,image-object,content-bearing,0,
sgs/hero,backgroundMedia,object,backgroundMedia,sgs/media,image-object,image-object,content-bearing,0,
sgs/hero,backgroundVideo,object,backgroundMedia,sgs/media,image-object,image-object,content-bearing,0,
sgs/hero,bgVideo,object,backgroundMedia,sgs/media,,image-object,content-bearing,1,Button
sgs/hero,bgVideoMobile,object,backgroundMedia,sgs/media,,image-object,content-bearing,0,Button
sgs/certification-bar,badgeSize,string,badge,sgs/label,select-from-enum,text-content,content-bearing,0,SelectControl
sgs/certification-bar,badgeStyle,string,badge,sgs/label,behaviour,text-content,content-bearing,0,SelectControl
sgs/mega-menu,badge,string,badge,sgs/label,text-content,text-content,content-bearing,0,SelectControl
sgs/mega-menu,badgeColour,string,badge,sgs/label,color,text-content,content-bearing,0,DesignTokenPicker
core/video,tracks,array,bar,,identity,identity,content-bearing,0,
sgs/reading-progress,barColour,string,bar,,color,identity,content-bearing,0,
sgs/reading-progress,barHeight,number,bar,,layout,identity,content-bearing,0,
core/search,buttonPosition,string,button,sgs/button,select-from-enum,content,content-bearing,0,
core/search,buttonText,string,button,sgs/button,text-content,content,content-bearing,0,
sgs/announcement-bar,ctaColour,string,button,sgs/button,color,content,content-bearing,0,SelectControl
sgs/announcement-bar,ctaStyle,string,button,sgs/button,behaviour,content,content-bearing,0,SelectControl
sgs/back-to-top,buttonColour,string,button,sgs/button,color,content,content-bearing,0,
sgs/cta-section,buttonBackground,string,button,sgs/button,color,content,content-bearing,0,
sgs/cta-section,buttonBorderColour,string,button,sgs/button,color,content,content-bearing,0,
sgs/cta-section,buttonBorderRadius,number,button,sgs/button,visual,content,content-bearing,0,
sgs/cta-section,buttonBorderWidth,number,button,sgs/button,visual,content,content-bearing,0,
sgs/cta-section,buttonColour,string,button,sgs/button,color,content,content-bearing,0,
sgs/cta-section,buttonSize,string,button,sgs/button,select-from-enum,content,content-bearing,0,
sgs/cta-section,buttonStyle,string,button,sgs/button,behaviour,content,content-bearing,0,
sgs/cta-section,buttons,array,button,sgs/button,content,content,content-bearing,0,
sgs/hero,ctaGap,integer,button,sgs/button,layout,content,content-bearing,1,
sgs/hero,ctaGapMobile,integer,button,sgs/button,layout,content,content-bearing,0,
sgs/hero,ctaGapTablet,integer,button,sgs/button,layout,content,content-bearing,0,
sgs/hero,ctaGapUnit,string,button,sgs/button,layout,content,content-bearing,0,SelectControl
sgs/hero,ctaPrimaryBackground,string,button,sgs/button,color,content,content-bearing,0,
sgs/hero,ctaPrimaryColour,string,button,sgs/button,color,content,content-bearing,0,
sgs/hero,ctaPrimaryStyle,string,button,sgs/button,behaviour,content,content-bearing,0,
sgs/hero,ctaPrimaryText,string,button,sgs/button,text-content,content,content-bearing,0,
sgs/hero,ctaPrimaryUrl,string,button,sgs/button,content,content,content-bearing,0,
sgs/mobile-nav,ctaBg,string,button,sgs/button,color,content,content-bearing,0,
sgs/mobile-nav,ctaBorderColour,string,button,sgs/button,color,content,content-bearing,0,
sgs/mobile-nav,ctaIcon,string,button,sgs/button,enum-class-probe,content,content-bearing,0,TextControl
sgs/mobile-nav,ctaStyle,string,button,sgs/button,behaviour,content,content-bearing,0,SelectControl
sgs/mobile-nav,ctaText,string,button,sgs/button,text-content,content,content-bearing,0,ToggleControl
sgs/mobile-nav,ctaTextColour,string,button,sgs/button,color,content,content-bearing,0,
sgs/mobile-nav,ctaUrl,string,button,sgs/button,content,content,content-bearing,0,TextControl
sgs/post-grid,readMoreColour,string,button,sgs/button,color,content,content-bearing,0,
sgs/post-grid,readMoreText,string,button,sgs/button,text-content,content,content-bearing,0,
sgs/pricing-table,ctaBackground,string,button,sgs/button,color,content,content-bearing,0,DesignTokenPicker
sgs/pricing-table,ctaColour,string,button,sgs/button,color,content,content-bearing,0,SelectControl
sgs/pricing-table,ctaStyle,string,button,sgs/button,behaviour,content,content-bearing,0,SelectControl
sgs/product-card,ctaText,string,button,sgs/button,text-content,content,content-bearing,0,
sgs/product-card,ctaUrl,string,button,sgs/button,content,content,content-bearing,0,
sgs/product-card,packSizes,array,button,sgs/button,content,content,content-bearing,0,
sgs/hero,ctaSecondaryBackground,string,buttonSecondary,sgs/button,color,content,content-bearing,0,
sgs/hero,ctaSecondaryColour,string,buttonSecondary,sgs/button,color,content,content-bearing,0,
sgs/hero,ctaSecondaryStyle,string,buttonSecondary,sgs/button,behaviour,content,content-bearing,0,
sgs/hero,ctaSecondaryText,string,buttonSecondary,sgs/button,text-content,content,content-bearing,0,
sgs/hero,ctaSecondaryUrl,string,buttonSecondary,sgs/button,content,content,content-bearing,0,
sgs/mobile-nav,secondaryCtaBg,string,buttonSecondary,sgs/button,color,content,content-bearing,0,
sgs/mobile-nav,secondaryCtaIcon,string,buttonSecondary,sgs/button,enum-class-probe,content,content-bearing,0,TextControl
sgs/mobile-nav,secondaryCtaStyle,string,buttonSecondary,sgs/button,behaviour,content,content-bearing,0,SelectControl
sgs/mobile-nav,secondaryCtaText,string,buttonSecondary,sgs/button,text-content,content,content-bearing,0,ToggleControl
sgs/mobile-nav,secondaryCtaTextColour,string,buttonSecondary,sgs/button,color,content,content-bearing,0,
sgs/mobile-nav,secondaryCtaUrl,string,buttonSecondary,sgs/button,content,content,content-bearing,0,TextControl
core/playlist,caption,string,caption,sgs/text,text-content,text-content,content-bearing,0,
sgs/gallery,captionColour,string,caption,sgs/text,color,text-content,content-bearing,0,
sgs/media,caption,string,caption,sgs/text,text-content,text-content,content-bearing,0,
sgs/media,captionColour,string,caption,sgs/text,color,text-content,content-bearing,0,
sgs/media,captionFontSize,integer,caption,sgs/text,typography,text-content,content-bearing,0,
sgs/media,captionFontSizeUnit,string,caption,sgs/text,typography,text-content,content-bearing,0,
core/post-date,datetime,string,date,sgs/text,text-content,text-content,content-bearing,0,
sgs/timeline,dateColour,string,date,sgs/text,color,text-content,content-bearing,0,DesignTokenPicker
sgs/pricing-table,featureColour,string,feature,,color,identity,content-bearing,0,DesignTokenPicker
sgs/accordion,headerBackground,string,header,,color,identity,content-bearing,0,DesignTokenPicker
sgs/accordion,headerColour,string,header,,color,identity,content-bearing,0,DesignTokenPicker
core/form-input,name,string,heading,sgs/heading,text-content,text-content,content-bearing,0,
core/table-of-contents,headings,array,heading,sgs/heading,text-content,text-content,content-bearing,0,
sgs/accordion-item,title,string,heading,sgs/heading,text-content,text-content,content-bearing,0,
sgs/card-grid,titleColour,string,heading,sgs/heading,color,text-content,content-bearing,0,DesignTokenPicker
sgs/certification-bar,title,string,heading,sgs/heading,text-content,text-content,content-bearing,0,Button
sgs/certification-bar,titleColour,string,heading,sgs/heading,color,text-content,content-bearing,0,DesignTokenPicker
sgs/certification-bar,titleFontSize,string,heading,sgs/heading,typography,text-content,content-bearing,0,SelectControl
sgs/cta-section,headline,string,heading,sgs/heading,text-content,text-content,content-bearing,0,
sgs/cta-section,headlineColour,string,heading,sgs/heading,color,text-content,content-bearing,0,DesignTokenPicker
sgs/data-display,displayTitle,string,heading,sgs/heading,boolean-visibility,text-content,content-bearing,0,
sgs/form-review,heading,string,heading,sgs/heading,text-content,text-content,content-bearing,0,TextControl
sgs/heading,headline,string,heading,sgs/heading,text-content,text-content,content-bearing,0,
sgs/heading,headlineColour,string,heading,sgs/heading,color,text-content,content-bearing,0,TextControl
sgs/heading,headlineFontFamily,string,heading,sgs/heading,typography,text-content,content-bearing,0,
sgs/heading,headlineFontSize,number,heading,sgs/heading,typography,text-content,content-bearing,1,
sgs/heading,headlineFontSizeMobile,number,heading,sgs/heading,typography,text-content,content-bearing,0,
sgs/heading,headlineFontSizeTablet,number,heading,sgs/heading,typography,text-content,content-bearing,0,
sgs/heading,headlineFontSizeUnit,string,heading,sgs/heading,typography,text-content,content-bearing,0,
sgs/heading,headlineFontStyle,string,heading,sgs/heading,select-from-enum,text-content,content-bearing,0,
sgs/heading,headlineFontWeight,string,heading,sgs/heading,typography,text-content,content-bearing,0,
sgs/heading,headlineId,string,heading,sgs/heading,enum-class-probe,text-content,content-bearing,0,SelectControl
sgs/heading,headlineLetterSpacing,number,heading,sgs/heading,typography,text-content,content-bearing,0,
sgs/heading,headlineLetterSpacingUnit,string,heading,sgs/heading,typography,text-content,content-bearing,0,
sgs/heading,headlineLineHeight,number,heading,sgs/heading,typography,text-content,content-bearing,0,
sgs/heading,headlineLineHeightUnit,string,heading,sgs/heading,typography,text-content,content-bearing,0,
sgs/heading,headlineMarginBottom,string,heading,sgs/heading,layout,text-content,content-bearing,1,
sgs/heading,headlineMarginBottomMobile,string,heading,sgs/heading,layout,text-content,content-bearing,0,
sgs/heading,headlineMarginBottomTablet,string,heading,sgs/heading,layout,text-content,content-bearing,0,
sgs/heading,headlineMarginLeft,string,heading,sgs/heading,layout,text-content,content-bearing,1,
sgs/heading,headlineMarginLeftMobile,string,heading,sgs/heading,layout,text-content,content-bearing,0,
sgs/heading,headlineMarginLeftTablet,string,heading,sgs/heading,layout,text-content,content-bearing,0,
sgs/heading,headlineMarginRight,string,heading,sgs/heading,layout,text-content,content-bearing,1,
sgs/heading,headlineMarginRightMobile,string,heading,sgs/heading,layout,text-content,content-bearing,0,
sgs/heading,headlineMarginRightTablet,string,heading,sgs/heading,layout,text-content,content-bearing,0,
sgs/heading,headlineMarginTop,string,heading,sgs/heading,layout,text-content,content-bearing,1,
sgs/heading,headlineMarginTopMobile,string,heading,sgs/heading,layout,text-content,content-bearing,0,
sgs/heading,headlineMarginTopTablet,string,heading,sgs/heading,layout,text-content,content-bearing,0,
sgs/heading,headlineMarginUnit,string,heading,sgs/heading,layout,text-content,content-bearing,0,
sgs/heading,headlineTextDecoration,string,heading,sgs/heading,typography,text-content,content-bearing,0,
sgs/heading,headlineTextTransform,string,heading,sgs/heading,typography,text-content,content-bearing,0,
sgs/hero,headline,string,heading,sgs/heading,text-content,text-content,content-bearing,0,
sgs/hero,headlineColour,string,heading,sgs/heading,color,text-content,content-bearing,0,RangeControl
sgs/hero,headlineFontSizeDesktop,number,heading,sgs/heading,typography,text-content,content-bearing,0,
sgs/hero,headlineFontSizeMobile,number,heading,sgs/heading,typography,text-content,content-bearing,0,
sgs/hero,headlineFontSizeTablet,number,heading,sgs/heading,typography,text-content,content-bearing,0,
sgs/hero,headlineMarginBottom,number,heading,sgs/heading,layout,text-content,content-bearing,1,RangeControl
sgs/hero,headlineMarginBottomMobile,number,heading,sgs/heading,layout,text-content,content-bearing,0,RangeControl
sgs/info-box,heading,string,heading,sgs/heading,text-content,text-content,content-bearing,0,
sgs/info-box,headingColour,string,heading,sgs/heading,color,text-content,content-bearing,0,DesignTokenPicker
sgs/info-box,headingFontSize,string,heading,sgs/heading,typography,text-content,content-bearing,1,
sgs/info-box,headingFontSizeMobile,string,heading,sgs/heading,typography,text-content,content-bearing,0,
sgs/info-box,headingFontSizeTablet,string,heading,sgs/heading,typography,text-content,content-bearing,0,
sgs/post-grid,titleColour,string,heading,sgs/heading,color,text-content,content-bearing,0,
sgs/post-grid,titleFontSize,string,heading,sgs/heading,typography,text-content,content-bearing,0,
sgs/pricing-table,titleColour,string,heading,sgs/heading,color,text-content,content-bearing,0,DesignTokenPicker
sgs/process-steps,titleColour,string,heading,sgs/heading,color,text-content,content-bearing,0,DesignTokenPicker
sgs/table-of-contents,title,string,heading,sgs/heading,text-content,text-content,content-bearing,0,SelectControl
sgs/table-of-contents,titleColour,string,heading,sgs/heading,color,text-content,content-bearing,0,DesignTokenPicker
sgs/team-member,name,string,heading,sgs/heading,text-content,text-content,content-bearing,0,MediaPicker
sgs/team-member,nameColour,string,heading,sgs/heading,color,text-content,content-bearing,0,ToggleControl
sgs/testimonial,name,string,heading,sgs/heading,text-content,text-content,content-bearing,0,
sgs/testimonial,nameColour,string,heading,sgs/heading,color,text-content,content-bearing,0,DesignTokenPicker
sgs/testimonial,nameFontSize,string,heading,sgs/heading,typography,text-content,content-bearing,1,
sgs/testimonial,nameFontSizeMobile,string,heading,sgs/heading,typography,text-content,content-bearing,0,
sgs/testimonial,nameFontSizeTablet,string,heading,sgs/heading,typography,text-content,content-bearing,0,
sgs/testimonial-slider,nameColour,string,heading,sgs/heading,color,text-content,content-bearing,0,DesignTokenPicker
sgs/testimonial-slider,nameFontSize,string,heading,sgs/heading,typography,text-content,content-bearing,0,SelectControl
core/accordion,iconPosition,string,icon,sgs/icon,select-from-enum,image-object,content-bearing,0,
core/accordion-heading,iconPosition,string,icon,sgs/icon,select-from-enum,image-object,content-bearing,0,
core/social-links,iconBackgroundColor,string,icon,sgs/icon,color,image-object,content-bearing,0,
core/social-links,iconColor,string,icon,sgs/icon,color,image-object,content-bearing,0,
sgs/accordion,iconColour,string,icon,sgs/icon,color,image-object,content-bearing,0,DesignTokenPicker
sgs/accordion,iconPosition,string,icon,sgs/icon,select-from-enum,image-object,content-bearing,0,SelectControl
sgs/back-to-top,iconColour,string,icon,sgs/icon,color,image-object,content-bearing,0,
sgs/business-info,iconColour,string,icon,sgs/icon,color,image-object,content-bearing,0,
sgs/button,iconColour,string,icon,sgs/icon,color,image-object,content-bearing,0,RangeControl
sgs/button,iconColourHover,string,icon,sgs/icon,color,image-object,content-bearing,0,TextControl
sgs/button,iconGap,number,icon,sgs/icon,layout,image-object,content-bearing,0,RangeControl
sgs/button,iconPosition,string,icon,sgs/icon,select-from-enum,image-object,content-bearing,0,SelectControl
sgs/button,iconSize,number,icon,sgs/icon,select-from-enum,image-object,content-bearing,1,RangeControl
sgs/button,iconSizeMobile,number,icon,sgs/icon,select-from-enum,image-object,content-bearing,0,
sgs/button,iconSizeTablet,number,icon,sgs/icon,select-from-enum,image-object,content-bearing,0,
sgs/button,iconTitle,string,icon,sgs/icon,text-content,image-object,content-bearing,0,TextControl
sgs/button,iconValue,object,icon,sgs/icon,image-object,image-object,content-bearing,0,
sgs/heading,iconPosition,string,icon,sgs/icon,select-from-enum,image-object,content-bearing,0,SelectControl
sgs/icon,iconColour,string,icon,sgs/icon,color,image-object,content-bearing,0,RangeControl
sgs/icon,iconName,string,icon,sgs/icon,image-object,image-object,content-bearing,0,SelectControl
sgs/icon,iconSize,number,icon,sgs/icon,select-from-enum,image-object,content-bearing,0,RangeControl
sgs/icon,iconSource,string,icon,sgs/icon,image-object,image-object,content-bearing,0,SelectControl
sgs/icon,iconValue,object,icon,sgs/icon,image-object,image-object,content-bearing,0,
sgs/icon-block,iconColour,string,icon,sgs/icon,color,image-object,content-bearing,0,
sgs/icon-block,iconSize,number,icon,sgs/icon,select-from-enum,image-object,content-bearing,0,
sgs/icon-block,iconValue,object,icon,sgs/icon,image-object,image-object,content-bearing,0,
sgs/icon-list,bulletChar,string,icon,sgs/icon,text-content,image-object,content-bearing,0,
sgs/icon-list,emojiChar,string,icon,sgs/icon,text-content,image-object,content-bearing,0,
sgs/icon-list,iconColour,string,icon,sgs/icon,color,image-object,content-bearing,0,SelectControl
sgs/icon-list,iconSize,string,icon,sgs/icon,select-from-enum,image-object,content-bearing,0,SelectControl
sgs/icon-list,subBulletChar,string,icon,sgs/icon,text-content,image-object,content-bearing,0,
sgs/icon-list,subEmojiChar,string,icon,sgs/icon,text-content,image-object,content-bearing,0,
sgs/icon-list,subIcon,string,icon,sgs/icon,text-content,image-object,content-bearing,0,
sgs/info-box,iconBackgroundColour,string,icon,sgs/icon,color,image-object,content-bearing,0,
sgs/info-box,iconColour,string,icon,sgs/icon,color,image-object,content-bearing,0,DesignTokenPicker
sgs/info-box,iconPosition,string,icon,sgs/icon,select-from-enum,image-object,content-bearing,0,SelectControl
sgs/info-box,iconSize,string,icon,sgs/icon,select-from-enum,image-object,content-bearing,1,
sgs/info-box,iconSizeMobile,string,icon,sgs/icon,select-from-enum,image-object,content-bearing,0,
sgs/info-box,iconSizeTablet,string,icon,sgs/icon,select-from-enum,image-object,content-bearing,0,
sgs/info-box,iconValue,object,icon,sgs/icon,image-object,image-object,content-bearing,0,
sgs/mega-menu,iconPosition,string,icon,sgs/icon,select-from-enum,image-object,content-bearing,0,SelectControl
sgs/mobile-nav-toggle,iconSize,number,icon,sgs/icon,select-from-enum,image-object,content-bearing,0,RangeControl
sgs/notice-banner,customIcon,object,icon,sgs/icon,text-content,image-object,content-bearing,0,
sgs/social-icons,iconColour,string,icon,sgs/icon,color,image-object,content-bearing,0,DesignTokenPicker
sgs/social-icons,iconSize,number,icon,sgs/icon,select-from-enum,image-object,content-bearing,0,RangeControl
sgs/social-icons,icons,array,icon,sgs/icon,image-object,image-object,content-bearing,0,
sgs/trust-badges,iconColour,string,icon,sgs/icon,color,image-object,content-bearing,0,DesignTokenPicker
sgs/whatsapp-cta,iconOverride,object,icon,sgs/icon,text-content,image-object,content-bearing,0,
core/post-navigation-link,arrow,string,items,sgs/info-box,text-content,text-content,content-bearing,0,
sgs/card-grid,items,array,items,sgs/info-box,text-content,text-content,content-bearing,0,
sgs/certification-bar,items,array,items,sgs/info-box,text-content,text-content,content-bearing,0,
sgs/data-display,defaultDataSourceId,number,items,sgs/info-box,query-descriptor,text-content,content-bearing,0,
sgs/hero,badges,array,items,sgs/info-box,text-content,text-content,content-bearing,0,
sgs/icon-list,items,array,items,sgs/info-box,text-content,text-content,content-bearing,0,
sgs/table-of-contents,listStyle,string,items,sgs/info-box,behaviour,text-content,content-bearing,0,SelectControl
sgs/trust-badges,items,array,items,sgs/info-box,text-content,text-content,content-bearing,0,
core/categories,label,string,label,sgs/label,text-content,text-content,content-bearing,0,
core/comments-pagination-next,label,string,label,sgs/label,text-content,text-content,content-bearing,0,
core/comments-pagination-previous,label,string,label,sgs/label,text-content,text-content,content-bearing,0,
core/home-link,label,string,label,sgs/label,text-content,text-content,content-bearing,0,
core/navigation-link,label,string,label,sgs/label,text-content,text-content,content-bearing,0,
core/navigation-submenu,label,string,label,sgs/label,text-content,text-content,content-bearing,0,
core/page-list-item,label,string,label,sgs/label,text-content,text-content,content-bearing,0,
core/post-navigation-link,label,string,label,sgs/label,text-content,text-content,content-bearing,0,
core/query-pagination-next,label,string,label,sgs/label,text-content,text-content,content-bearing,0,
core/query-pagination-previous,label,string,label,sgs/label,text-content,text-content,content-bearing,0,
core/search,label,string,label,sgs/label,text-content,text-content,content-bearing,0,
core/social-link,label,string,label,sgs/label,text-content,text-content,content-bearing,0,
core/tab,label,string,label,sgs/label,text-content,text-content,content-bearing,0,
sgs/business-info,labelColour,string,label,sgs/label,color,text-content,content-bearing,0,
sgs/button,label,string,label,sgs/label,text-content,text-content,content-bearing,0,TextControl
sgs/certification-bar,labelColour,string,label,sgs/label,color,text-content,content-bearing,0,SelectControl
sgs/certification-bar,labelFontSize,string,label,sgs/label,typography,text-content,content-bearing,0,SelectControl
sgs/countdown-timer,labelColour,string,label,sgs/label,color,text-content,content-bearing,0,DesignTokenPicker
sgs/counter,label,string,label,sgs/label,text-content,text-content,content-bearing,0,
sgs/counter,labelColour,string,label,sgs/label,color,text-content,content-bearing,0,DesignTokenPicker
sgs/counter,labelFontSize,string,label,sgs/label,typography,text-content,content-bearing,0,SelectControl
sgs/form-field-address,fieldName,string,label,sgs/label,text-content,text-content,content-bearing,0,TextControl
sgs/form-field-address,label,string,label,sgs/label,text-content,text-content,content-bearing,0,TextControl
sgs/form-field-checkbox,fieldName,string,label,sgs/label,text-content,text-content,content-bearing,0,TextControl
sgs/form-field-checkbox,label,string,label,sgs/label,text-content,text-content,content-bearing,0,TextControl
sgs/form-field-consent,fieldName,string,label,sgs/label,text-content,text-content,content-bearing,0,TextControl
sgs/form-field-consent,label,string,label,sgs/label,text-content,text-content,content-bearing,0,
sgs/form-field-date,fieldName,string,label,sgs/label,text-content,text-content,content-bearing,0,TextControl
sgs/form-field-date,label,string,label,sgs/label,text-content,text-content,content-bearing,0,TextControl
sgs/form-field-email,fieldName,string,label,sgs/label,text-content,text-content,content-bearing,0,TextControl
sgs/form-field-email,label,string,label,sgs/label,text-content,text-content,content-bearing,0,TextControl
sgs/form-field-file,fieldName,string,label,sgs/label,text-content,text-content,content-bearing,0,TextControl
sgs/form-field-file,label,string,label,sgs/label,text-content,text-content,content-bearing,0,TextControl
sgs/form-field-hidden,fieldName,string,label,sgs/label,text-content,text-content,content-bearing,0,TextControl
sgs/form-field-number,fieldName,string,label,sgs/label,text-content,text-content,content-bearing,0,TextControl
sgs/form-field-number,label,string,label,sgs/label,text-content,text-content,content-bearing,0,TextControl
sgs/form-field-phone,fieldName,string,label,sgs/label,text-content,text-content,content-bearing,0,TextControl
sgs/form-field-phone,label,string,label,sgs/label,text-content,text-content,content-bearing,0,TextControl
sgs/form-field-radio,fieldName,string,label,sgs/label,text-content,text-content,content-bearing,0,TextControl
sgs/form-field-radio,label,string,label,sgs/label,text-content,text-content,content-bearing,0,TextControl
sgs/form-field-select,fieldName,string,label,sgs/label,text-content,text-content,content-bearing,0,TextControl
sgs/form-field-select,label,string,label,sgs/label,text-content,text-content,content-bearing,0,TextControl
sgs/form-field-text,fieldName,string,label,sgs/label,text-content,text-content,content-bearing,0,TextControl
sgs/form-field-text,label,string,label,sgs/label,text-content,text-content,content-bearing,0,TextControl
sgs/form-field-textarea,fieldName,string,label,sgs/label,text-content,text-content,content-bearing,0,TextControl
sgs/form-field-textarea,label,string,label,sgs/label,text-content,text-content,content-bearing,0,TextControl
sgs/form-field-tiles,fieldName,string,label,sgs/label,text-content,text-content,content-bearing,0,TextControl
sgs/form-field-tiles,label,string,label,sgs/label,text-content,text-content,content-bearing,0,TextControl
sgs/form-step,label,string,label,sgs/label,text-content,text-content,content-bearing,0,TextControl
sgs/heading,label,string,label,sgs/label,text-content,text-content,content-bearing,0,
sgs/heading,labelColour,string,label,sgs/label,color,text-content,content-bearing,0,DesignTokenPicker
sgs/heading,labelFontFamily,string,label,sgs/label,typography,text-content,content-bearing,0,
sgs/heading,labelFontSize,number,label,sgs/label,typography,text-content,content-bearing,1,
sgs/heading,labelFontSizeMobile,number,label,sgs/label,typography,text-content,content-bearing,0,
sgs/heading,labelFontSizeTablet,number,label,sgs/label,typography,text-content,content-bearing,0,
sgs/heading,labelFontSizeUnit,string,label,sgs/label,typography,text-content,content-bearing,0,
sgs/heading,labelFontStyle,string,label,sgs/label,select-from-enum,text-content,content-bearing,0,
sgs/heading,labelFontWeight,string,label,sgs/label,typography,text-content,content-bearing,0,
sgs/heading,labelLetterSpacing,number,label,sgs/label,typography,text-content,content-bearing,0,
sgs/heading,labelLetterSpacingUnit,string,label,sgs/label,typography,text-content,content-bearing,0,
sgs/heading,labelLineHeight,number,label,sgs/label,typography,text-content,content-bearing,0,
sgs/heading,labelLineHeightUnit,string,label,sgs/label,typography,text-content,content-bearing,0,
sgs/heading,labelMarginBottom,string,label,sgs/label,layout,text-content,content-bearing,1,
sgs/heading,labelMarginBottomMobile,string,label,sgs/label,layout,text-content,content-bearing,0,
sgs/heading,labelMarginBottomTablet,string,label,sgs/label,layout,text-content,content-bearing,0,
sgs/heading,labelMarginLeft,string,label,sgs/label,layout,text-content,content-bearing,1,
sgs/heading,labelMarginLeftMobile,string,label,sgs/label,layout,text-content,content-bearing,0,
sgs/heading,labelMarginLeftTablet,string,label,sgs/label,layout,text-content,content-bearing,0,
sgs/heading,labelMarginRight,string,label,sgs/label,layout,text-content,content-bearing,1,
sgs/heading,labelMarginRightMobile,string,label,sgs/label,layout,text-content,content-bearing,0,
sgs/heading,labelMarginRightTablet,string,label,sgs/label,layout,text-content,content-bearing,0,
sgs/heading,labelMarginTop,string,label,sgs/label,layout,text-content,content-bearing,1,
sgs/heading,labelMarginTopMobile,string,label,sgs/label,layout,text-content,content-bearing,0,
sgs/heading,labelMarginTopTablet,string,label,sgs/label,layout,text-content,content-bearing,0,
sgs/heading,labelMarginUnit,string,label,sgs/label,layout,text-content,content-bearing,0,
sgs/heading,labelTextDecoration,string,label,sgs/label,typography,text-content,content-bearing,0,
sgs/heading,labelTextTransform,string,label,sgs/label,typography,text-content,content-bearing,0,
sgs/hero,label,string,label,sgs/label,text-content,text-content,content-bearing,0,
sgs/hero,labelColour,string,label,sgs/label,color,text-content,content-bearing,0,DesignTokenPicker
sgs/hero,labelFontFamily,string,label,sgs/label,typography,text-content,content-bearing,0,SelectControl
sgs/hero,labelFontSize,number,label,sgs/label,typography,text-content,content-bearing,1,
sgs/hero,labelFontSizeMobile,number,label,sgs/label,typography,text-content,content-bearing,0,
sgs/hero,labelFontSizeTablet,number,label,sgs/label,typography,text-content,content-bearing,0,
sgs/hero,labelFontSizeUnit,string,label,sgs/label,typography,text-content,content-bearing,0,SelectControl
sgs/hero,labelFontWeight,string,label,sgs/label,typography,text-content,content-bearing,0,SelectControl
sgs/hero,labelLetterSpacing,number,label,sgs/label,typography,text-content,content-bearing,0,RangeControl
sgs/hero,labelLetterSpacingUnit,string,label,sgs/label,typography,text-content,content-bearing,0,RangeControl
sgs/hero,labelLineHeight,number,label,sgs/label,typography,text-content,content-bearing,0,RangeControl
sgs/hero,labelLineHeightUnit,string,label,sgs/label,typography,text-content,content-bearing,0,RangeControl
sgs/hero,labelMarginBottom,number,label,sgs/label,layout,text-content,content-bearing,0,RangeControl
sgs/hero,labelMarginBottomUnit,string,label,sgs/label,layout,text-content,content-bearing,0,RangeControl
sgs/hero,labelTextDecoration,string,label,sgs/label,typography,text-content,content-bearing,0,RangeControl
sgs/hero,labelTextTransform,string,label,sgs/label,typography,text-content,content-bearing,0,RangeControl
sgs/label,tag,string,label,sgs/label,text-content,text-content,content-bearing,0,SelectControl
sgs/mega-menu,label,string,label,sgs/label,text-content,text-content,content-bearing,0,
sgs/post-grid,tags,array,label,sgs/label,text-content,text-content,content-bearing,0,
sgs/star-rating,label,string,label,sgs/label,text-content,text-content,content-bearing,0,SelectControl
sgs/tab,label,string,label,sgs/label,text-content,text-content,content-bearing,0,TextControl
sgs/text,tag,string,label,sgs/label,text-content,text-content,content-bearing,0,SelectControl
sgs/whatsapp-cta,label,string,label,sgs/label,text-content,text-content,content-bearing,0,
sgs/whatsapp-cta,labelColour,string,label,sgs/label,color,text-content,content-bearing,0,DesignTokenPicker
sgs/whatsapp-cta,labelFontSize,string,label,sgs/label,typography,text-content,content-bearing,0,SelectControl
core/tabs-menu-item,anchor,string,link,sgs/button,content,content,content-bearing,0,
sgs/breadcrumbs,linkColour,string,link,sgs/button,color,content,content-bearing,0,
sgs/business-info,linkEmail,boolean,link,sgs/button,text-content,content,content-bearing,0,ToggleControl
sgs/business-info,linkPhone,boolean,link,sgs/button,text-content,content,content-bearing,0,ToggleControl
sgs/button,anchor,string,link,sgs/button,content,content,content-bearing,0,
sgs/heading,anchor,string,link,sgs/button,content,content,content-bearing,0,
sgs/icon,linkTarget,string,link,sgs/button,content,content,content-bearing,0,SelectControl
sgs/icon,linkUrl,string,link,sgs/button,content,content,content-bearing,0,TextControl
sgs/media,linkUrl,string,link,sgs/button,content,content,content-bearing,0,
sgs/mega-menu,linkColour,string,link,sgs/button,color,content,content-bearing,0,
sgs/mobile-nav,linkColour,string,link,sgs/button,color,content,content-bearing,0,
sgs/mobile-nav,linkFontSize,string,link,sgs/button,typography,content,content-bearing,1,
sgs/mobile-nav,linkFontSizeMobile,string,link,sgs/button,typography,content,content-bearing,0,
sgs/mobile-nav,linkFontWeight,string,link,sgs/button,typography,content,content-bearing,0,
sgs/table-of-contents,linkColour,string,link,sgs/button,color,content,content-bearing,0,DesignTokenPicker
core/media-text,mediaId,number,media,sgs/media,enum-class-probe,image-object,content-bearing,0,
core/media-text,mediaLink,string,media,sgs/media,content,image-object,content-bearing,0,
core/media-text,mediaPosition,string,media,sgs/media,select-from-enum,image-object,content-bearing,0,
core/media-text,mediaType,string,media,sgs/media,select-from-enum,image-object,content-bearing,0,
core/media-text,mediaWidth,number,media,sgs/media,layout,image-object,content-bearing,0,
sgs/decorative-image,imageId,number,media,sgs/media,enum-class-probe,image-object,content-bearing,0,
sgs/decorative-image,imageUrl,string,media,sgs/media,content,image-object,content-bearing,0,
sgs/gallery,imageSize,string,media,sgs/media,select-from-enum,image-object,content-bearing,0,
sgs/gallery,images,array,media,sgs/media,image-object,image-object,content-bearing,0,
sgs/gallery,mediaItems,array,media,sgs/media,image-object,image-object,content-bearing,0,MediaUpload
sgs/hero,imageBorderColour,string,media,sgs/media,color,image-object,content-bearing,0,RangeControl
sgs/hero,imageBorderRadiusBL,number,media,sgs/media,visual,image-object,content-bearing,0,
sgs/hero,imageBorderRadiusBR,number,media,sgs/media,visual,image-object,content-bearing,0,
sgs/hero,imageBorderRadiusMobileBL,number,media,sgs/media,visual,image-object,content-bearing,0,
sgs/hero,imageBorderRadiusMobileBR,number,media,sgs/media,visual,image-object,content-bearing,0,
sgs/hero,imageBorderRadiusMobileTL,number,media,sgs/media,visual,image-object,content-bearing,0,
sgs/hero,imageBorderRadiusMobileTR,number,media,sgs/media,visual,image-object,content-bearing,0,
sgs/hero,imageBorderRadiusTL,number,media,sgs/media,visual,image-object,content-bearing,0,
sgs/hero,imageBorderRadiusTR,number,media,sgs/media,visual,image-object,content-bearing,0,
sgs/hero,imageBorderRadiusTabletBL,number,media,sgs/media,visual,image-object,content-bearing,0,
sgs/hero,imageBorderRadiusTabletBR,number,media,sgs/media,visual,image-object,content-bearing,0,
sgs/hero,imageBorderRadiusTabletTL,number,media,sgs/media,visual,image-object,content-bearing,0,
sgs/hero,imageBorderRadiusTabletTR,number,media,sgs/media,visual,image-object,content-bearing,0,
sgs/hero,imageBorderRadiusUnit,string,media,sgs/media,visual,image-object,content-bearing,0,SelectControl
sgs/hero,imageBorderStyle,string,media,sgs/media,visual,image-object,content-bearing,0,SelectControl
sgs/hero,imageBorderWidthBottom,number,media,sgs/media,visual,image-object,content-bearing,0,RangeControl
sgs/hero,imageBorderWidthLeft,number,media,sgs/media,visual,image-object,content-bearing,0,RangeControl
sgs/hero,imageBorderWidthRight,number,media,sgs/media,visual,image-object,content-bearing,0,RangeControl
sgs/hero,imageBorderWidthTop,number,media,sgs/media,visual,image-object,content-bearing,0,RangeControl
sgs/hero,imageBorderWidthUnit,string,media,sgs/media,visual,image-object,content-bearing,0,RangeControl
sgs/hero,imageHeight,number,media,sgs/media,layout,image-object,content-bearing,1,
sgs/hero,imageHeightMobile,number,media,sgs/media,layout,image-object,content-bearing,0,
sgs/hero,imageHeightTablet,number,media,sgs/media,layout,image-object,content-bearing,0,
sgs/hero,imageHeightUnit,string,media,sgs/media,layout,image-object,content-bearing,0,SelectControl
sgs/hero,imageObjectFit,string,media,sgs/media,visual,image-object,content-bearing,0,RangeControl
sgs/hero,imageObjectPosition,string,media,sgs/media,visual,image-object,content-bearing,0,RangeControl
sgs/hero,imagePaddingBottom,number,media,sgs/media,layout,image-object,content-bearing,1,
sgs/hero,imagePaddingBottomMobile,number,media,sgs/media,layout,image-object,content-bearing,0,
sgs/hero,imagePaddingBottomTablet,number,media,sgs/media,layout,image-object,content-bearing,0,
sgs/hero,imagePaddingLeft,number,media,sgs/media,layout,image-object,content-bearing,1,
sgs/hero,imagePaddingLeftMobile,number,media,sgs/media,layout,image-object,content-bearing,0,
sgs/hero,imagePaddingLeftTablet,number,media,sgs/media,layout,image-object,content-bearing,0,
sgs/hero,imagePaddingRight,number,media,sgs/media,layout,image-object,content-bearing,1,
sgs/hero,imagePaddingRightMobile,number,media,sgs/media,layout,image-object,content-bearing,0,
sgs/hero,imagePaddingRightTablet,number,media,sgs/media,layout,image-object,content-bearing,0,
sgs/hero,imagePaddingTop,number,media,sgs/media,layout,image-object,content-bearing,1,
sgs/hero,imagePaddingTopMobile,number,media,sgs/media,layout,image-object,content-bearing,0,
sgs/hero,imagePaddingTopTablet,number,media,sgs/media,layout,image-object,content-bearing,0,
sgs/hero,imagePaddingUnit,string,media,sgs/media,layout,image-object,content-bearing,0,RangeControl
sgs/hero,imageWidth,number,media,sgs/media,layout,image-object,content-bearing,1,
sgs/hero,imageWidthMobile,number,media,sgs/media,layout,image-object,content-bearing,0,
sgs/hero,imageWidthTablet,number,media,sgs/media,layout,image-object,content-bearing,0,
sgs/hero,imageWidthUnit,string,media,sgs/media,layout,image-object,content-bearing,0,SelectControl
sgs/hero,mediaBackgroundColour,string,media,sgs/media,color,image-object,content-bearing,0,SelectControl
sgs/hero,mediaPaddingBottom,number,media,sgs/media,layout,image-object,content-bearing,1,
sgs/hero,mediaPaddingBottomMobile,number,media,sgs/media,layout,image-object,content-bearing,0,
sgs/hero,mediaPaddingBottomTablet,number,media,sgs/media,layout,image-object,content-bearing,0,
sgs/hero,mediaPaddingLeft,number,media,sgs/media,layout,image-object,content-bearing,1,
sgs/hero,mediaPaddingLeftMobile,number,media,sgs/media,layout,image-object,content-bearing,0,
sgs/hero,mediaPaddingLeftTablet,number,media,sgs/media,layout,image-object,content-bearing,0,
sgs/hero,mediaPaddingRight,number,media,sgs/media,layout,image-object,content-bearing,1,
sgs/hero,mediaPaddingRightMobile,number,media,sgs/media,layout,image-object,content-bearing,0,
sgs/hero,mediaPaddingRightTablet,number,media,sgs/media,layout,image-object,content-bearing,0,
sgs/hero,mediaPaddingTop,number,media,sgs/media,layout,image-object,content-bearing,1,
sgs/hero,mediaPaddingTopMobile,number,media,sgs/media,layout,image-object,content-bearing,0,
sgs/hero,mediaPaddingTopTablet,number,media,sgs/media,layout,image-object,content-bearing,0,
sgs/hero,mediaPaddingUnit,string,media,sgs/media,layout,image-object,content-bearing,0,SelectControl
sgs/info-box,mediaEmoji,string,media,sgs/media,text-content,image-object,content-bearing,0,TextControl
sgs/info-box,mediaType,string,media,sgs/media,select-from-enum,image-object,content-bearing,0,SelectControl
sgs/media,decorMedia,object,media,sgs/media,image-object,image-object,content-bearing,0,
sgs/media,imageHeight,integer,media,sgs/media,layout,image-object,content-bearing,0,
sgs/media,imageId,integer,media,sgs/media,enum-class-probe,image-object,content-bearing,0,
sgs/media,imageUrl,string,media,sgs/media,content,image-object,content-bearing,0,
sgs/media,imageWidth,integer,media,sgs/media,layout,image-object,content-bearing,0,
sgs/media,videoAttachmentId,number,media,sgs/media,image-object,image-object,content-bearing,0,
sgs/media,videoPosterAttachmentId,number,media,sgs/media,image-object,image-object,content-bearing,0,
sgs/media,videoPosterUrl,string,media,sgs/media,image-object,image-object,content-bearing,0,
sgs/media,videoUrl,string,media,sgs/media,link-href,image-object,content-bearing,0,
sgs/post-grid,imageSize,string,media,sgs/media,select-from-enum,image-object,content-bearing,0,
sgs/team-member,photo,object,media,sgs/media,image-object,image-object,content-bearing,0,
sgs/countdown-timer,numberColour,string,number,sgs/counter,color,text-content,content-bearing,0,SelectControl
sgs/counter,number,number,number,sgs/counter,text-content,text-content,content-bearing,0,
sgs/counter,numberColour,string,number,sgs/counter,color,text-content,content-bearing,0,DesignTokenPicker
sgs/cta-section,stats,array,number,sgs/counter,text-content,text-content,content-bearing,0,
sgs/icon-list,numberStyle,string,number,sgs/counter,text-content,text-content,content-bearing,0,
sgs/process-steps,numberBackground,string,number,sgs/counter,color,text-content,content-bearing,0,DesignTokenPicker
sgs/process-steps,numberColour,string,number,sgs/counter,color,text-content,content-bearing,0,DesignTokenPicker
sgs/process-steps,numberStyle,string,number,sgs/counter,behaviour,text-content,content-bearing,0,SelectControl
sgs/form-field-address,fields,array,options,,content,text-content,content-bearing,0,
sgs/form-field-checkbox,options,array,options,,text-content,text-content,content-bearing,0,
sgs/form-field-radio,options,array,options,,text-content,text-content,content-bearing,0,
sgs/form-field-select,options,array,options,,text-content,text-content,content-bearing,0,
sgs/form-field-tiles,tiles,array,options,,content,text-content,content-bearing,0,
sgs/media,playbackMode,string,options,,select-from-enum,text-content,content-bearing,0,
sgs/media,videoControls,boolean,options,,boolean-visibility,text-content,content-bearing,0,
sgs/mobile-nav,showContactIcons,boolean,options,,boolean-visibility,text-content,content-bearing,0,
sgs/pricing-table,priceColour,string,price,sgs/pricing-table,color,text-content,content-bearing,0,DesignTokenPicker
sgs/product-card,priceLarge,string,price,sgs/pricing-table,select-from-enum,text-content,content-bearing,0,TextControl
sgs/product-card,priceNote,string,price,sgs/pricing-table,text-content,text-content,content-bearing,0,TextControl
sgs/testimonial,quote,string,quote,sgs/quote,identity,identity,content-bearing,0,
sgs/testimonial,quoteColour,string,quote,sgs/quote,color,identity,content-bearing,0,DesignTokenPicker
sgs/testimonial-slider,quoteColour,string,quote,sgs/quote,color,identity,content-bearing,0,DesignTokenPicker
sgs/testimonial,ratingColour,string,rating,sgs/star-rating,color,text-content,content-bearing,0,DesignTokenPicker
sgs/testimonial-slider,ratingColour,string,rating,sgs/star-rating,color,text-content,content-bearing,0,DesignTokenPicker
sgs/testimonial,reviewDate,string,review,sgs/testimonial,text-content,identity,content-bearing,0,TextControl
sgs/testimonial-slider,testimonials,array,review,sgs/testimonial,identity,identity,content-bearing,0,
sgs/trustpilot-reviews,reviews,array,review,sgs/testimonial,identity,identity,content-bearing,0,
core/latest-posts,categories,array,role,sgs/label,identity,identity,content-bearing,0,
sgs/post-grid,categories,array,role,sgs/label,identity,identity,content-bearing,0,
sgs/team-member,role,string,role,sgs/label,identity,identity,content-bearing,0,
sgs/team-member,roleColour,string,role,sgs/label,color,identity,content-bearing,0,DesignTokenPicker
sgs/testimonial,role,string,role,sgs/label,identity,identity,content-bearing,0,
sgs/testimonial,roleColour,string,role,sgs/label,color,identity,content-bearing,0,DesignTokenPicker
sgs/testimonial-slider,roleColour,string,role,sgs/label,color,identity,content-bearing,0,SelectControl
sgs/mobile-nav,socialStyle,string,social,sgs/social-icons,behaviour,identity,content-bearing,0,SelectControl
sgs/google-reviews,starColour,string,star,sgs/star-rating,color,identity,content-bearing,0,SelectControl
sgs/star-rating,starColour,string,star,sgs/star-rating,color,identity,content-bearing,0,RangeControl
sgs/star-rating,starSize,number,star,sgs/star-rating,select-from-enum,identity,content-bearing,0,RangeControl
sgs/form-field-number,step,string,step,sgs/process-steps,identity,identity,content-bearing,0,TextControl
sgs/process-steps,steps,array,step,sgs/process-steps,identity,identity,content-bearing,0,
sgs/card-grid,subtitleColour,string,subheading,sgs/text,color,text-content,content-bearing,0,DesignTokenPicker
sgs/data-display,displayDescription,string,subheading,sgs/text,boolean-visibility,text-content,content-bearing,0,
sgs/heading,sub,string,subheading,sgs/text,text-content,text-content,content-bearing,0,
sgs/heading,subColour,string,subheading,sgs/text,color,text-content,content-bearing,0,DesignTokenPicker
sgs/heading,subFontFamily,string,subheading,sgs/text,typography,text-content,content-bearing,0,
sgs/heading,subFontSize,number,subheading,sgs/text,typography,text-content,content-bearing,1,
sgs/heading,subFontSizeMobile,number,subheading,sgs/text,typography,text-content,content-bearing,0,
sgs/heading,subFontSizeTablet,number,subheading,sgs/text,typography,text-content,content-bearing,0,
sgs/heading,subFontSizeUnit,string,subheading,sgs/text,typography,text-content,content-bearing,0,
sgs/heading,subFontStyle,string,subheading,sgs/text,select-from-enum,text-content,content-bearing,0,
sgs/heading,subFontWeight,string,subheading,sgs/text,typography,text-content,content-bearing,0,
sgs/heading,subLetterSpacing,number,subheading,sgs/text,typography,text-content,content-bearing,0,
sgs/heading,subLetterSpacingUnit,string,subheading,sgs/text,typography,text-content,content-bearing,0,
sgs/heading,subLineHeight,number,subheading,sgs/text,typography,text-content,content-bearing,0,
sgs/heading,subLineHeightUnit,string,subheading,sgs/text,typography,text-content,content-bearing,0,
sgs/heading,subMarginBottom,string,subheading,sgs/text,layout,text-content,content-bearing,1,
sgs/heading,subMarginBottomMobile,string,subheading,sgs/text,layout,text-content,content-bearing,0,
sgs/heading,subMarginBottomTablet,string,subheading,sgs/text,layout,text-content,content-bearing,0,
sgs/heading,subMarginLeft,string,subheading,sgs/text,layout,text-content,content-bearing,1,
sgs/heading,subMarginLeftMobile,string,subheading,sgs/text,layout,text-content,content-bearing,0,
sgs/heading,subMarginLeftTablet,string,subheading,sgs/text,layout,text-content,content-bearing,0,
sgs/heading,subMarginRight,string,subheading,sgs/text,layout,text-content,content-bearing,1,
sgs/heading,subMarginRightMobile,string,subheading,sgs/text,layout,text-content,content-bearing,0,
sgs/heading,subMarginRightTablet,string,subheading,sgs/text,layout,text-content,content-bearing,0,
sgs/heading,subMarginTop,string,subheading,sgs/text,layout,text-content,content-bearing,1,
sgs/heading,subMarginTopMobile,string,subheading,sgs/text,layout,text-content,content-bearing,0,
sgs/heading,subMarginTopTablet,string,subheading,sgs/text,layout,text-content,content-bearing,0,
sgs/heading,subMarginUnit,string,subheading,sgs/text,layout,text-content,content-bearing,0,
sgs/heading,subTextDecoration,string,subheading,sgs/text,typography,text-content,content-bearing,0,
sgs/heading,subTextTransform,string,subheading,sgs/text,typography,text-content,content-bearing,0,
sgs/hero,subHeadline,string,subheading,sgs/text,text-content,text-content,content-bearing,0,
sgs/hero,subHeadlineColour,string,subheading,sgs/text,color,text-content,content-bearing,0,DesignTokenPicker
sgs/hero,subHeadlineFontFamily,string,subheading,sgs/text,typography,text-content,content-bearing,0,TextControl
sgs/hero,subHeadlineFontSize,string,subheading,sgs/text,typography,text-content,content-bearing,1,
sgs/hero,subHeadlineFontSizeMobile,string,subheading,sgs/text,typography,text-content,content-bearing,0,
sgs/hero,subHeadlineFontSizeTablet,string,subheading,sgs/text,typography,text-content,content-bearing,0,
sgs/hero,subHeadlineFontWeight,string,subheading,sgs/text,typography,text-content,content-bearing,0,SelectControl
sgs/hero,subHeadlineLetterSpacing,number,subheading,sgs/text,typography,text-content,content-bearing,0,RangeControl
sgs/hero,subHeadlineLetterSpacingUnit,string,subheading,sgs/text,typography,text-content,content-bearing,0,RangeControl
sgs/hero,subHeadlineLineHeight,number,subheading,sgs/text,typography,text-content,content-bearing,0,RangeControl
sgs/hero,subHeadlineLineHeightUnit,string,subheading,sgs/text,typography,text-content,content-bearing,0,RangeControl
sgs/hero,subHeadlineMarginBottom,number,subheading,sgs/text,layout,text-content,content-bearing,1,RangeControl
sgs/hero,subHeadlineMarginBottomMobile,number,subheading,sgs/text,layout,text-content,content-bearing,0,RangeControl
sgs/hero,subHeadlineMaxWidth,number,subheading,sgs/text,layout,text-content,content-bearing,0,RangeControl
sgs/hero,subHeadlineTextDecoration,string,subheading,sgs/text,typography,text-content,content-bearing,0,RangeControl
sgs/hero,subHeadlineTextTransform,string,subheading,sgs/text,typography,text-content,content-bearing,0,RangeControl
sgs/info-box,subtitle,string,subheading,sgs/text,text-content,text-content,content-bearing,0,
sgs/info-box,subtitleColour,string,subheading,sgs/text,color,text-content,content-bearing,0,DesignTokenPicker
sgs/info-box,subtitleFontSize,string,subheading,sgs/text,typography,text-content,content-bearing,1,
sgs/info-box,subtitleFontSizeMobile,string,subheading,sgs/text,typography,text-content,content-bearing,0,
sgs/info-box,subtitleFontSizeTablet,string,subheading,sgs/text,typography,text-content,content-bearing,0,
sgs/trustpilot-reviews,subtitleText,string,subheading,sgs/text,text-content,text-content,content-bearing,0,ToggleControl
sgs/tabs,tabActiveIndicatorColour,string,tab,sgs/tab,color,identity,content-bearing,0,
sgs/tabs,tabActiveTextColour,string,tab,sgs/tab,color,identity,content-bearing,0,DesignTokenPicker
sgs/tabs,tabAlignment,string,tab,sgs/tab,behaviour,identity,content-bearing,0,SelectControl
sgs/tabs,tabStyle,string,tab,sgs/tab,behaviour,identity,content-bearing,0,SelectControl
sgs/tabs,tabTextColour,string,tab,sgs/tab,color,identity,content-bearing,0,DesignTokenPicker
core/navigation-link,description,string,text,sgs/text,text-content,text-content,content-bearing,0,
core/navigation-submenu,description,string,text,sgs/text,text-content,text-content,content-bearing,0,
sgs/accordion-item,isOpen,boolean,text,sgs/text,text-content,text-content,content-bearing,0,
sgs/announcement-bar,messages,array,text,sgs/text,text-content,text-content,content-bearing,0,
sgs/announcement-bar,textColour,string,text,sgs/text,colour-text,text-content,content-bearing,0,SelectControl
sgs/cta-section,body,string,text,sgs/text,text-content,text-content,content-bearing,0,
sgs/cta-section,bodyColour,string,text,sgs/text,color,text-content,content-bearing,0,DesignTokenPicker
sgs/cta-section,bodyFontSize,string,text,sgs/text,typography,text-content,content-bearing,1,
sgs/cta-section,bodyFontSizeMobile,string,text,sgs/text,typography,text-content,content-bearing,0,
sgs/cta-section,bodyFontSizeTablet,string,text,sgs/text,typography,text-content,content-bearing,0,
sgs/cta-section,textTransform,string,text,sgs/text,,text-content,content-bearing,0,
sgs/featured-product,text,string,text,sgs/text,text-content,text-content,content-bearing,0,
sgs/footer,text,string,text,sgs/text,text-content,text-content,content-bearing,0,
sgs/form-field-address,conditionalField,string,text,sgs/text,text-content,text-content,content-bearing,0,
sgs/form-field-address,conditionalOperator,string,text,sgs/text,text-content,text-content,content-bearing,0,
sgs/form-field-address,conditionalValue,string,text,sgs/text,text-content,text-content,content-bearing,0,
sgs/form-field-checkbox,conditionalField,string,text,sgs/text,text-content,text-content,content-bearing,0,
sgs/form-field-checkbox,conditionalOperator,string,text,sgs/text,text-content,text-content,content-bearing,0,
sgs/form-field-checkbox,conditionalValue,string,text,sgs/text,text-content,text-content,content-bearing,0,
sgs/form-field-consent,conditionalField,string,text,sgs/text,text-content,text-content,content-bearing,0,
sgs/form-field-consent,conditionalOperator,string,text,sgs/text,text-content,text-content,content-bearing,0,
sgs/form-field-consent,conditionalValue,string,text,sgs/text,text-content,text-content,content-bearing,0,
sgs/form-field-date,conditionalField,string,text,sgs/text,text-content,text-content,content-bearing,0,
sgs/form-field-date,conditionalOperator,string,text,sgs/text,text-content,text-content,content-bearing,0,
sgs/form-field-date,conditionalValue,string,text,sgs/text,text-content,text-content,content-bearing,0,
sgs/form-field-email,conditionalField,string,text,sgs/text,text-content,text-content,content-bearing,0,
sgs/form-field-email,conditionalOperator,string,text,sgs/text,text-content,text-content,content-bearing,0,
sgs/form-field-email,conditionalValue,string,text,sgs/text,text-content,text-content,content-bearing,0,
sgs/form-field-file,conditionalField,string,text,sgs/text,text-content,text-content,content-bearing,0,
sgs/form-field-file,conditionalOperator,string,text,sgs/text,text-content,text-content,content-bearing,0,
sgs/form-field-file,conditionalValue,string,text,sgs/text,text-content,text-content,content-bearing,0,
sgs/form-field-hidden,conditionalField,string,text,sgs/text,text-content,text-content,content-bearing,0,
sgs/form-field-hidden,conditionalOperator,string,text,sgs/text,text-content,text-content,content-bearing,0,
sgs/form-field-hidden,conditionalValue,string,text,sgs/text,text-content,text-content,content-bearing,0,
sgs/form-field-hidden,defaultValue,string,text,sgs/text,text-content,text-content,content-bearing,0,TextControl
sgs/form-field-number,conditionalField,string,text,sgs/text,text-content,text-content,content-bearing,0,
sgs/form-field-number,conditionalOperator,string,text,sgs/text,text-content,text-content,content-bearing,0,
sgs/form-field-number,conditionalValue,string,text,sgs/text,text-content,text-content,content-bearing,0,
sgs/form-field-phone,conditionalField,string,text,sgs/text,text-content,text-content,content-bearing,0,
sgs/form-field-phone,conditionalOperator,string,text,sgs/text,text-content,text-content,content-bearing,0,
sgs/form-field-phone,conditionalValue,string,text,sgs/text,text-content,text-content,content-bearing,0,
sgs/form-field-radio,conditionalField,string,text,sgs/text,text-content,text-content,content-bearing,0,
sgs/form-field-radio,conditionalOperator,string,text,sgs/text,text-content,text-content,content-bearing,0,
sgs/form-field-radio,conditionalValue,string,text,sgs/text,text-content,text-content,content-bearing,0,
sgs/form-field-select,conditionalField,string,text,sgs/text,text-content,text-content,content-bearing,0,
sgs/form-field-select,conditionalOperator,string,text,sgs/text,text-content,text-content,content-bearing,0,
sgs/form-field-select,conditionalValue,string,text,sgs/text,text-content,text-content,content-bearing,0,
sgs/form-field-text,conditionalField,string,text,sgs/text,text-content,text-content,content-bearing,0,
sgs/form-field-text,conditionalOperator,string,text,sgs/text,text-content,text-content,content-bearing,0,
sgs/form-field-text,conditionalValue,string,text,sgs/text,text-content,text-content,content-bearing,0,
sgs/form-field-textarea,conditionalField,string,text,sgs/text,text-content,text-content,content-bearing,0,
sgs/form-field-textarea,conditionalOperator,string,text,sgs/text,text-content,text-content,content-bearing,0,
sgs/form-field-textarea,conditionalValue,string,text,sgs/text,text-content,text-content,content-bearing,0,
sgs/form-field-tiles,conditionalField,string,text,sgs/text,text-content,text-content,content-bearing,0,
sgs/form-field-tiles,conditionalOperator,string,text,sgs/text,text-content,text-content,content-bearing,0,
sgs/form-field-tiles,conditionalValue,string,text,sgs/text,text-content,text-content,content-bearing,0,
sgs/gift-section,text,string,text,sgs/text,text-content,text-content,content-bearing,0,
sgs/google-reviews,textColour,string,text,sgs/text,colour-text,text-content,content-bearing,0,
sgs/header,text,string,text,sgs/text,text-content,text-content,content-bearing,0,
sgs/hero,contentMaxWidth,number,text,sgs/text,layout,text-content,content-bearing,1,
sgs/hero,contentMaxWidthMobile,number,text,sgs/text,layout,text-content,content-bearing,0,
sgs/hero,contentMaxWidthTablet,number,text,sgs/text,layout,text-content,content-bearing,0,
sgs/hero,contentMaxWidthUnit,string,text,sgs/text,layout,text-content,content-bearing,0,SelectControl
sgs/hero,contentPaddingBottom,number,text,sgs/text,layout,text-content,content-bearing,1,
sgs/hero,contentPaddingBottomMobile,number,text,sgs/text,layout,text-content,content-bearing,0,
sgs/hero,contentPaddingBottomTablet,number,text,sgs/text,layout,text-content,content-bearing,0,
sgs/hero,contentPaddingLeft,number,text,sgs/text,layout,text-content,content-bearing,1,
sgs/hero,contentPaddingLeftMobile,number,text,sgs/text,layout,text-content,content-bearing,0,
sgs/hero,contentPaddingLeftTablet,number,text,sgs/text,layout,text-content,content-bearing,0,
sgs/hero,contentPaddingRight,number,text,sgs/text,layout,text-content,content-bearing,1,
sgs/hero,contentPaddingRightMobile,number,text,sgs/text,layout,text-content,content-bearing,0,
sgs/hero,contentPaddingRightTablet,number,text,sgs/text,layout,text-content,content-bearing,0,
sgs/hero,contentPaddingTop,number,text,sgs/text,layout,text-content,content-bearing,1,
sgs/hero,contentPaddingTopMobile,number,text,sgs/text,layout,text-content,content-bearing,0,
sgs/hero,contentPaddingTopTablet,number,text,sgs/text,layout,text-content,content-bearing,0,
sgs/hero,contentPaddingUnit,string,text,sgs/text,layout,text-content,content-bearing,0,SelectControl
sgs/hero,textTransform,string,text,sgs/text,,text-content,content-bearing,0,
sgs/info-box,description,string,text,sgs/text,text-content,text-content,content-bearing,0,
sgs/info-box,descriptionColour,string,text,sgs/text,color,text-content,content-bearing,0,DesignTokenPicker
sgs/info-box,textTransform,string,text,sgs/text,,text-content,content-bearing,0,
sgs/label,text,string,text,sgs/text,text-content,text-content,content-bearing,0,
sgs/media,videoSchema,boolean,text,sgs/text,text-content,text-content,content-bearing,0,
sgs/notice-banner,text,string,text,sgs/text,text-content,text-content,content-bearing,0,
sgs/notice-banner,textFontSize,string,text,sgs/text,typography,text-content,content-bearing,0,SelectControl
sgs/post-grid,excerptColour,string,text,sgs/text,color,text-content,content-bearing,0,
sgs/process-steps,descriptionColour,string,text,sgs/text,color,text-content,content-bearing,0,DesignTokenPicker
sgs/product-card,description,string,text,sgs/text,text-content,text-content,content-bearing,0,TextControl
sgs/quote,attribution,string,text,sgs/text,text-content,text-content,content-bearing,0,Button
sgs/quote,attributionColour,string,text,sgs/text,color,text-content,content-bearing,0,SelectControl
sgs/quote,attributionFontFamily,string,text,sgs/text,typography,text-content,content-bearing,0,RangeControl
sgs/quote,attributionFontSize,number,text,sgs/text,typography,text-content,content-bearing,1,RangeControl
sgs/quote,attributionFontSizeMobile,number,text,sgs/text,typography,text-content,content-bearing,0,RangeControl
sgs/quote,attributionFontSizeTablet,number,text,sgs/text,typography,text-content,content-bearing,0,RangeControl
sgs/quote,attributionFontSizeUnit,string,text,sgs/text,typography,text-content,content-bearing,0,RangeControl
sgs/quote,attributionFontStyle,string,text,sgs/text,select-from-enum,text-content,content-bearing,0,SelectControl
sgs/quote,attributionFontWeight,string,text,sgs/text,typography,text-content,content-bearing,0,SelectControl
sgs/quote,attributionLineHeight,number,text,sgs/text,typography,text-content,content-bearing,0,
sgs/quote,attributionLineHeightUnit,string,text,sgs/text,typography,text-content,content-bearing,0,
sgs/quote,attributionMarginTop,number,text,sgs/text,layout,text-content,content-bearing,1,RangeControl
sgs/quote,attributionMarginTopMobile,number,text,sgs/text,layout,text-content,content-bearing,0,RangeControl
sgs/quote,attributionMarginTopTablet,number,text,sgs/text,layout,text-content,content-bearing,0,RangeControl
sgs/quote,attributionMarginUnit,string,text,sgs/text,layout,text-content,content-bearing,0,RangeControl
sgs/quote,attributionTextDecoration,string,text,sgs/text,typography,text-content,content-bearing,0,SelectControl
sgs/quote,attributionTextTransform,string,text,sgs/text,typography,text-content,content-bearing,0,SelectControl
sgs/quote,body,array,text,sgs/text,text-content,text-content,content-bearing,0,
sgs/quote,bodyColour,string,text,sgs/text,color,text-content,content-bearing,0,SelectControl
sgs/quote,bodyFontFamily,string,text,sgs/text,typography,text-content,content-bearing,0,SelectControl
sgs/quote,bodyFontSize,number,text,sgs/text,typography,text-content,content-bearing,1,RangeControl
sgs/quote,bodyFontSizeMobile,number,text,sgs/text,typography,text-content,content-bearing,0,RangeControl
sgs/quote,bodyFontSizeTablet,number,text,sgs/text,typography,text-content,content-bearing,0,RangeControl
sgs/quote,bodyFontSizeUnit,string,text,sgs/text,typography,text-content,content-bearing,0,RangeControl
sgs/quote,bodyFontStyle,string,text,sgs/text,select-from-enum,text-content,content-bearing,0,SelectControl
sgs/quote,bodyFontWeight,string,text,sgs/text,typography,text-content,content-bearing,0,SelectControl
sgs/quote,bodyLetterSpacing,number,text,sgs/text,typography,text-content,content-bearing,0,RangeControl
sgs/quote,bodyLetterSpacingUnit,string,text,sgs/text,typography,text-content,content-bearing,0,RangeControl
sgs/quote,bodyLineHeight,number,text,sgs/text,typography,text-content,content-bearing,1,RangeControl
sgs/quote,bodyLineHeightMobile,number,text,sgs/text,typography,text-content,content-bearing,0,RangeControl
sgs/quote,bodyLineHeightTablet,number,text,sgs/text,typography,text-content,content-bearing,0,RangeControl
sgs/quote,bodyLineHeightUnit,string,text,sgs/text,typography,text-content,content-bearing,0,RangeControl
sgs/quote,bodyMarginBottom,number,text,sgs/text,layout,text-content,content-bearing,1,RangeControl
sgs/quote,bodyMarginBottomMobile,number,text,sgs/text,layout,text-content,content-bearing,0,RangeControl
sgs/quote,bodyMarginBottomTablet,number,text,sgs/text,layout,text-content,content-bearing,0,RangeControl
sgs/quote,bodyMarginUnit,string,text,sgs/text,layout,text-content,content-bearing,0,RangeControl
sgs/quote,bodyTextDecoration,string,text,sgs/text,typography,text-content,content-bearing,0,SelectControl
sgs/quote,bodyTextTransform,string,text,sgs/text,typography,text-content,content-bearing,0,SelectControl
sgs/social-proof,text,string,text,sgs/text,text-content,text-content,content-bearing,0,
sgs/svg-background,textShadow,boolean,text,sgs/text,color,text-content,content-bearing,0,ToggleControl
sgs/team-member,bio,string,text,sgs/text,text-content,text-content,content-bearing,0,
sgs/text,text,string,text,sgs/text,text-content,text-content,content-bearing,0,
sgs/whatsapp-cta,message,string,text,sgs/text,text-content,text-content,content-bearing,0,TextareaControl
